instrument,Time,granularity,Open,High,Low,Close,smaHigh,smaLow,sslDown,sslUp,Position,SIGNAL,ATR,atrup,atrdown,SL,TP,baseline
CAD_JPY,2024-06-17 07:00:00+10:00,D,114.577,114.784,114.476,114.51,114.5241,113.69660000000002,113.69660000000002,114.5241,buy,False,0.808176893128049,115.31817689312805,113.70182310687196,113.29773466030794,115.31817689312805,114.2155
