instrument,Time,granularity,Open,High,Low,Close,smaHigh,smaLow,sslDown,sslUp,Position,SIGNAL,ATR,atrup,atrdown,SL,TP,baseline
CHF_JPY,2024-06-17 07:00:00+10:00,D,176.827,176.964,176.614,176.72,175.6987,174.72840000000002,174.72840000000002,175.6987,buy,False,0.9912800360590174,177.711280036059,175.728719963941,175.23307994591147,177.711280036059,175.562125
