instrument,Time,granularity,Open,High,Low,Close,smaHigh,smaLow,sslDown,sslUp,Position,SIGNAL,ATR,atrup,atrdown,SL,TP,baseline
EUR_AUD,2024-06-17 07:00:00+10:00,D,1.61863,1.62192,1.61751,1.62098,1.633287,1.623921,1.633287,1.623921,sell,False,0.008707359758608372,1.6296873597586086,1.6122726402413916,1.6340410396379126,1.6122726402413916,1.6260925
