instrument,Time,granularity,Open,High,Low,Close,smaHigh,smaLow,sslDown,sslUp,Position,SIGNAL,ATR,atrup,atrdown,SL,TP,baseline
EUR_NZD,2024-06-17 07:00:00+10:00,D,1.74264,1.7474,1.74264,1.74708,1.758816,1.748882,1.758816,1.748882,sell,False,0.009540711266325512,1.7566207112663255,1.7375392887336745,1.7613910668994883,1.7375392887336745,1.75119125
