instrument,Time,granularity,Open,High,Low,Close,smaHigh,smaLow,sslDown,sslUp,Position,SIGNAL,ATR,atrup,atrdown,SL,TP,baseline
GBP_USD,2024-06-17 07:00:00+10:00,D,1.26884,1.26886,1.26768,1.26832,1.278538,1.271754,1.278538,1.271754,sell,False,0.006844027220062346,1.2751640272200622,1.2614759727799376,1.2785860408300933,1.2614759727799376,1.2738987499999999
