instrument,Time,granularity,Open,High,Low,Close,smaHigh,smaLow,sslDown,sslUp,Position,SIGNAL,ATR,atrup,atrdown,SL,TP,baseline
GBP_CHF,2024-06-17 07:00:00+10:00,D,1.13016,1.13016,1.1274,1.12934,1.142807,1.135843,1.142807,1.135843,sell,False,0.006515046605901082,1.1358550466059012,1.1228249533940988,1.1391125699088516,1.1228249533940988,1.13836625
