instrument,Time,granularity,Open,High,Low,Close,smaHigh,smaLow,sslDown,sslUp,Position,SIGNAL,ATR,atrup,atrdown,SL,TP,baseline
NZD_CHF,2024-06-17 07:00:00+10:00,D,0.54672,0.54695,0.5454,0.54554,0.552237,0.548247,0.552237,0.548247,sell,False,0.003742318845009869,0.5492823188450099,0.5417976811549902,0.5511534782675148,0.5417976811549902,0.5495225
