instrument,Time,granularity,Open,High,Low,Close,smaHigh,smaLow,sslDown,sslUp,Position,SIGNAL,ATR,atrup,atrdown,SL,TP,baseline
USD_CHF,2024-06-17 07:00:00+10:00,D,0.89038,0.89098,0.88946,0.89042,0.8961640000000001,0.8908289999999999,0.8961640000000001,0.8908289999999999,sell,False,0.005195322572220201,0.8956153225722202,0.8852246774277798,0.8982129838583303,0.8852246774277798,0.8936075
